Metric,Value
Mean Squared Error,95.75550842285156
Mean Absolute Error,6.575826644897461
R-squared,0.9999377727508545
